<?xml version="1.0" encoding="UTF-8"?>
<metadata xml:lang="en"><Esri><CreaDate>20181207</CreaDate><CreaTime>16102800</CreaTime><ArcGISFormat>1.0</ArcGISFormat><SyncOnce>TRUE</SyncOnce><DataProperties><lineage><Process ToolSource="c:\program files (x86)\arcgis\desktop10.5\ArcToolbox\Toolboxes\Data Management Tools.tbx\CalculateField" Date="20181207" Time="161028">CalculateField lcsd000b16a_e CSDUID2 [CSDUID] VB #</Process><Process ToolSource="c:\program files (x86)\arcgis\desktop10.5\ArcToolbox\Toolboxes\Data Management Tools.tbx\CalculateField" Date="20181207" Time="161142">CalculateField lcsd000b16a_e CDUID2 [CDUID] VB #</Process></lineage></DataProperties></Esri></metadata>
